item_id,system,am_route,post_state,medium,temperature_c,surface_condition_as_reported,ref_electrode_as_published,ecorr_mv_as_published,icorr_ua_cm2,epit_mv_as_published,other_metric,source_key,source_identifier,evidence_type,normalization_note
1,CoCrFeMnNi,SLM,as-built,3.5wt% NaCl aerated,NR,NR,unspecified,-189,0.09,197,passivity_window_386mV;corrosion_rate_0.73um_per_yr,met2019slmcorr,doi:10.3390/met9101029,measured,reference electrode unspecified; normalization not possible; flag NR
2,CoCrFeMnNi (cast reference),cast,none,3.5wt% NaCl aerated,NR,NR,unspecified,-179,0.11,37,passivity_window_216mV;corrosion_rate_0.91um_per_yr,met2019slmcorr,doi:10.3390/met9101029,measured,reference electrode unspecified; flag NR
3,CoCrFeMnNi,SLM,as-built XY plane,3.5wt% NaCl aerated,RT,NR,SCE,-346,0.123,NR,cast outranks SLM in defect-dominated build,frontiers2020slmcast,doi:10.3389/fmats.2020.00244,measured,E(Ag/AgCl-seawater) approx E(SCE) - 9 mV
4,CoCrFeMnNi,SLM,as-built XZ plane,3.5wt% NaCl aerated,RT,NR,SCE,-323,0.133,NR,cast outranks SLM in defect-dominated build,frontiers2020slmcast,doi:10.3389/fmats.2020.00244,measured,E(Ag/AgCl-seawater) approx E(SCE) - 9 mV
5,CoCrFeMnNi,LPBF,as-built and HIPed,3.5wt% NaCl vs 1N H2SO4,NR,NR (ground; not fully documented),unspecified,NR,NR,NR,ratio_2.2x_better_than_LPBF316L_in_chloride;ratio_15.5x_worse_in_acid;hydrogen_permeation_5x_lower_than_316L,lpbf_cantor_2024,doi:10.1007/s44210-024-00035-1,measured_ratio,values are performance ratios not absolute potentials; flag
6,CoCrFeMnNi,friction surfacing (solid-state AM analog),as-deposited,3.5wt% NaCl,RT,NR,unspecified,NR,0.11,125.7,Rct_7.1e5_ohm_cm2;cast_reference_icorr_0.55_and_Epit_-120.3mV,fs_coating2026,doi:10.3390/met16101108,measured,reference electrode unspecified; flag NR
7,CoCrNi,LAAM (laser aided AM),as-built,3.5wt% NaCl,RT,NR,unspecified,NR,NR,no_pitting_in_window,higher_oxide_inclusion_level_gives_lower_icorr_higher_Rct;superior_to_316L,laam_cocrni2021,researchgate:356425118,measured_qualitative,no absolute values published in accessible record
8,AlCoCrFeNi2.1,SLM,as-built,3.5wt% NaCl,RT,NR,unspecified,NR,NR,NR,best_of_as-built_annealed_cast;annealing_degrades_passivity_via_segregation,slm_ehea_2025,sciencedirect:S0010938X25004688,measured_qualitative,ranking result; absolute values not extracted
9,AlCoCrFeNi2.1,cast,none,3.5wt% NaCl and NaCl+NaHSO3,5-45C,NR,unspecified,NR,NR,NR,passivates_in_NaCl_5_to_45C;no_passivation_with_bisulfite;pits_at_AlNi_rich_B2,jac_ehea2023,sciencedirect:S0925838822050009,measured_qualitative,temperature-series study
10,AlCoCrFeNi2.1Mo0.3,cast (AM design target),none,3.5wt% NaCl,RT,NR,unspecified,NR,low_passive_current,282,MoO2_MoO3_Cr2O3_composite_film;yield_strength_926MPa,mo_ehea_2026,sciencedirect:S2238785426002796,measured,reference electrode unspecified; flag NR
11,316L (AM benchmark),SLM,as-built,1M NaCl,5-45C,NR,Ag/AgCl,NA,NA,NA,CPT_27.5_to_31C_vs_wrought_16C;Epit_+330mV_vs_wrought_at_25C;build_orientation_dependent,slm316l_cpt,osti:1769918,measured,Ag/AgCl specified; convert to Ag/AgCl-seawater with junction correction if required
